id_origem;cd_origem;id_categoria_economica;categoria_economica;nome
1;0;0;NAO INFORMADO;NAO INFORMADO
2;0;0;SEM DESCRIC?O;SEM DESCRIC?O
3;0;1;RECEITAS CORRENTES;RECEITAS CORRENTES
4;1;1;RECEITAS CORRENTES;RECEITA TRIBUTARIA
5;2;1;RECEITAS CORRENTES;RECEITA DE CONTRIBUICOES
6;3;1;RECEITAS CORRENTES;RECEITA PATRIMONIAL
7;4;1;RECEITAS CORRENTES;RECEITA AGROPECUARIA
8;5;1;RECEITAS CORRENTES;RECEITA INDUSTRIAL
9;6;1;RECEITAS CORRENTES;RECEITAS DE SERVICOS
10;7;1;RECEITAS CORRENTES;TRANSFERENCIAS CORRENTES
11;9;1;RECEITAS CORRENTES;OUTRAS RECEITAS CORRENTES
12;0;2;RECEITAS DE CAPITAL;RECEITAS DE CAPITAL
13;1;2;RECEITAS DE CAPITAL;OPERACOES DE CREDITO
14;2;2;RECEITAS DE CAPITAL;ALIENACAO DE BENS
15;3;2;RECEITAS DE CAPITAL;AMORTIZACAO DE EMPRESTIMOS
16;4;2;RECEITAS DE CAPITAL;TRANSFERENCIAS DE CAPITAL
17;5;2;RECEITAS DE CAPITAL;OUTRAS RECEITAS DE CAPITAL
19;0;7;RECEITA INTRA-ORCAMENTARIA;RECEITA INTRA-ORCAMENTARIA
20;2;7;RECEITA INTRA-ORCAMENTARIA;RECEITA DE CONTRIBUICOES
21;3;7;RECEITA INTRA-ORCAMENTARIA;RECEITA PATRIMONIAL
22;4;7;RECEITA INTRA-ORCAMENTARIA;RECEITA AGROPECUARIA
23;5;7;RECEITA INTRA-ORCAMENTARIA;RECEITA INDUSTRIAL
24;6;7;RECEITA INTRA-ORCAMENTARIA;RECEITA DE SERVICOS
25;9;7;RECEITA INTRA-ORCAMENTARIA;OUTRAS RECEITAS CORRENTES
26;0;9;DEDUCOES DA RECEITA CORRENTE;DEDUCOES DA RECEITA CORRENTE
27;1;9;DEDUCOES DA RECEITA CORRENTE;DEDUCAO DA RECEITA DA COTA-PARTE DO ESTADO - ICMS - CESSAO DE DIREITOS CREDITORIOS - LEI 19266/2010
28;1;9;DEDUCOES DA RECEITA CORRENTE;DEDUCAO DA RECEITA DA COTA-PARTE DOS MUNICIPIOS - ICMS
29;1;9;DEDUCOES DA RECEITA CORRENTE;DEDUCAO DA RECEITA DA COTA-PARTE DOS MUNICIPIOS - IPVA
30;1;9;DEDUCOES DA RECEITA CORRENTE;DEDUCAO DA RECEITA PARA FORMACAO DO FUNDEB - IPVA
31;1;9;DEDUCOES DA RECEITA CORRENTE;DEDUCAO DA RECEITA PARA FORMACAO DO FUNDEB - ITCD
32;1;9;DEDUCOES DA RECEITA CORRENTE;DEDUCAO DE RECEITA DE ICMS PARA FORMACAO DO FUNDEB
33;1;9;DEDUCOES DA RECEITA CORRENTE;DEDUCAO DE RECEITA DE ICMS PARA FORMACAO DO FUNDEF
34;1;9;DEDUCOES DA RECEITA CORRENTE;DEDUCAO DE RECEITA PARA FORMACAO DO FUNDEB - ICMS
35;3;9;DEDUCOES DA RECEITA CORRENTE;DEDUCAO DA RECEITA - REMUNERACAO DOS INSVESTIMENTOS DO REGIME PROPRIODE PREVIDENCIA DO SERVIDOR EM RENDA VARIAVEL
36;3;9;DEDUCOES DA RECEITA CORRENTE;DEDUCAO DA RECEITA - REMUNERACAO DOS INVESTIMENTOS DO REGIME PROPRIO DE PREVIDENCIA DO SERVIDOR EM RENDA VARIAVEL
37;3;9;DEDUCOES DA RECEITA CORRENTE;DEDUCAO DA RECEITA - REMUNERACAO DOS INVESTIMENTOS DO REGIME PROPRIO DE PREVIDENCIA EM RENDA FIXA
38;3;9;DEDUCOES DA RECEITA CORRENTE;DEDUCAO DA RECEITA - TITULOS DE RESPONSABILIDADE DO GOVERNO FEDERAL -V INCULADOS AO RPPS
39;3;9;DEDUCOES DA RECEITA CORRENTE;DEDUCAO DA RECEITA - TITULOS DE RESPONSABILIDADE DO GOVERNO FEDERAL VINCULADOS AO RPPS
40;7;9;DEDUCOES DA RECEITA CORRENTE;DEDUCAO DA RECEITA DA COTA-PARTE DA CONTRIBUICAO DE INTERVENCAO NO DOMINIO ECONOMICO - MUNICIPIO
41;7;9;DEDUCOES DA RECEITA CORRENTE;DEDUCAO DA RECEITA DA COTA-PARTE DOS MUNICIPIOS - IPI
42;7;9;DEDUCOES DA RECEITA CORRENTE;DEDUCAO DA RECEITA PARA FORMACAO DO FUNDEB - FPE
43;7;9;DEDUCOES DA RECEITA CORRENTE;DEDUCAO DA RECEITA PARA FORMACAO DO FUNDEB - ICMS - DESONERACAO - LEI COMPLEMENTAR 87/96
44;7;9;DEDUCOES DA RECEITA CORRENTE;DEDUCAO DA RECEITA PARA FORMACAO DO FUNDEB - TRANSFERENCIAS DA UNIAO
45;7;9;DEDUCOES DA RECEITA CORRENTE;DEDUCAO DA RECEITA PARA FORMACAO DO FUNDEB -IPI EXPORTACAO
46;7;9;DEDUCOES DA RECEITA CORRENTE;DEDUCAO DA RECEITA PARA FORMACAO DO FUNDEF - FPE
47;7;9;DEDUCOES DA RECEITA CORRENTE;DEDUCAO DA RECEITA PARA FORMACAO DO FUNDEF - TRANSFERENCIAS DA UNIAO
48;7;9;DEDUCOES DA RECEITA CORRENTE;DEDUCAO DA RECEITA PARA FORMACAO DO FUNDEF -IPI EXPORTACAO
49;7;9;DEDUCOES DA RECEITA CORRENTE;DEDUCAO DE RECEITA PARA FORMACAO DO FUNDEB - ICMS - DESONERCAO - LEI C OMPLEMENTAR 87/96
50;7;9;DEDUCOES DA RECEITA CORRENTE;DEDUCAO DE RECEITA PARA FORMACAO DO FUNDEF - ICMS - DESONERCAO - LEI COMPLEMENTAR 87/96
51;7;9;DEDUCOES DA RECEITA CORRENTE;TRANSFERENCIAS CORRENTES
52;9;9;DEDUCOES DA RECEITA CORRENTE;DEDUCAO DA RECEITA DA COTA-PARTE DO ESTADO - DIVIDA ATIVA TRIBUTARIA DO ICMS - CESSAO DE DIREITOS CREDITORIOS - LEI 19266/2010
53;9;9;DEDUCOES DA RECEITA CORRENTE;DEDUCAO DA RECEITA DA COTA-PARTE DO ESTADO - MULTAS DO ICMS - CESSAO DE DIREITOS CREDITORIOS - LEI 19266/2010
54;9;9;DEDUCOES DA RECEITA CORRENTE;DEDUCAO DA RECEITA DA COTA-PARTE DOS MUNICIPIOS - DIVIDA ATIVA TRIBUTARIA DO ICMS
55;9;9;DEDUCOES DA RECEITA CORRENTE;DEDUCAO DA RECEITA DA COTA-PARTE DOS MUNICIPIOS - DIVIDA ATIVA TRIBUTARIA DO IPVA
56;9;9;DEDUCOES DA RECEITA CORRENTE;DEDUCAO DA RECEITA DA COTA-PARTE DOS MUNICIPIOS - MULTAS ICMS
57;9;9;DEDUCOES DA RECEITA CORRENTE;DEDUCAO DA RECEITA DA COTA-PARTE DOS MUNICIPIOS - MULTAS IPVA
58;9;9;DEDUCOES DA RECEITA CORRENTE;DEDUCAO DA RECEITA DA MULTA ISOLADA POR INFRACAO OBRIGATORIA ACESSORIA - CESSAO DE DIREITOS CREDITORIOS - LEI 19266/2010
59;9;9;DEDUCOES DA RECEITA CORRENTE;DEDUCAO DA RECEITA DA RECEITA DA DIVIDA ATIVA NAO TRIBUTARIA DE OUTRAS RECEITAS - CESSAO DE DIREITOS CREDITORIOS - LEI 19266/2010
60;9;9;DEDUCOES DA RECEITA CORRENTE;DEDUCAO DA RECEITA PARA FORMACAO DO FUNDEB - COTA-PARTE DO ESTADO PARA O FUNDEB - MULTAS E JUROS DE MORA SOBRE A DIVIDA ATIVA DO IPVA
61;9;9;DEDUCOES DA RECEITA CORRENTE;DEDUCAO DA RECEITA PARA FORMACAO DO FUNDEB - COTA-PARTE DO ESTADO PARA O FUNDEB - MULTAS E JUROS DE MORA SOBRE A DIVIDA ATIVA DO ITCD
62;9;9;DEDUCOES DA RECEITA CORRENTE;DEDUCAO DA RECEITA PARA FORMACAO DO FUNDEB - DIVIDA ATIVA DO IPVA
63;9;9;DEDUCOES DA RECEITA CORRENTE;DEDUCAO DA RECEITA PARA FORMACAO DO FUNDEB - DIVIDA ATIVA DO ITCD
64;9;9;DEDUCOES DA RECEITA CORRENTE;DEDUCAO DA RECEITA PARA FORMACAO DO FUNDEB - DIVIDA ATIVA TRIBUTARIA DO ITCD
65;9;9;DEDUCOES DA RECEITA CORRENTE;DEDUCAO DA RECEITA PARA FORMACAO DO FUNDEB - MULTA E JUROS DE MORA DA DIVIDA ATIVA DO ICMS
66;9;9;DEDUCOES DA RECEITA CORRENTE;DEDUCAO DA RECEITA PARA FORMACAO DO FUNDEB - MULTAS DO ICMS
67;9;9;DEDUCOES DA RECEITA CORRENTE;DEDUCAO DA RECEITA PARA FORMACAO DO FUNDEB - MULTAS DO IPVA
68;9;9;DEDUCOES DA RECEITA CORRENTE;DEDUCAO DA RECEITA PARA FORMACAO DO FUNDEB - MULTAS DO ITCD
69;9;9;DEDUCOES DA RECEITA CORRENTE;DEDUCAO DA RECEITA PARA FORMACAO DO FUNDEB - MULTAS E JUROS DE MORA DA DIVIDA ATIVA DO IPVA
70;9;9;DEDUCOES DA RECEITA CORRENTE;DEDUCAO DA RECEITA PARA FORMACAO DO FUNDEB - MULTAS E JUROS DE MORA DA DIVIDA ATIVA DO ITCD
71;9;9;DEDUCOES DA RECEITA CORRENTE;DEDUCAO DA RECEITA PARA FORMACAO DO FUNDEF - DIVIDA ATIVA NAO TRIBUTARIA ICMS
72;9;9;DEDUCOES DA RECEITA CORRENTE;DEDUCAO DA RECEITA PARA FORMACAO DO FUNDEF - MULTAS DO ICMS
73;9;9;DEDUCOES DA RECEITA CORRENTE;DEDUCAO DE RECEITA PARA FORMACAO DO FUNDEB - DIVIDA ATIVA DO ICMS
74;9;9;DEDUCOES DA RECEITA CORRENTE;DEDUCAO DE RECEITA PARA FORMACAO DO FUNDEB - DIVIDA ATIVA TRIBUTARIA ICMS
75;9;9;DEDUCOES DA RECEITA CORRENTE;DEDUCAO DE RECEITA PARA FORMACAO DO FUNDEF - DIVIDA ATIVA TRIBUTARIA ICMS
142;7;9;DEDUCAO DAS RECEITAS;DEDUC?O DAS RECEITAS - TRANSFERENCIAS CORRENTES
143;9;9;DEDUCAO DAS RECEITAS;DEDUC?O DAS RECEITAS - OUTRAS RECEITAS CORRENTES
144;1;9;DEDUCAO DAS RECEITAS;DEDUC?O DAS RECEITAS - IMPOSTOS, TAXAS E CONTRIBUIC?ES DE MELHORIA
145;3;9;DEDUCAO DAS RECEITAS;DEDUC?O DAS RECEITAS - RECEITA PATRIMONIAL
76;1;7;RECEITA INTRAORCAMENTARIA;RECEITA INTRAORCAMENTARIA - IMPOSTOS, TAXAS E CONTRIBUICOES DE MELHORIA
77;0;9;DEDUCAO DAS RECEITAS;DEDUCAO DAS RECEITAS
78;1;9;DEDUCOES DA RECEITA CORRENTE;DEDUCAO DAS RECEITAS - IMPOSTO SOBRE A PROPRIEDADE DE VEICULOS AUTOMOTORES - PRINCIPAL
79;1;9;DEDUCOES DA RECEITA CORRENTE;DEDUCAO DAS RECEITAS - IMPOSTO SOBRE A PROPRIEDADE DE VEICULOS AUTOMOTORES - DIVIDA ATIVA
80;1;9;DEDUCOES DA RECEITA CORRENTE;"DEDUCAO DAS RECEITAS - IMPOSTO SOBRE TRANSMISSAO ""CAUSA MORTIS"" E DOACAO DE BENS E DIREITOS"
81;1;9;DEDUCOES DA RECEITA CORRENTE;"DEDUCAO DAS RECEITAS - IMPOSTO SOBRE TRANSMISSAO ""CAUSA MORTIS"" E DOACAO DE BENS E DIREITOS - PRINCIPAL - COTA PARTE DO ESTADO PARA O FUNDEB"
82;1;9;DEDUCOES DA RECEITA CORRENTE;"DEDUCAO DAS RECEITAS - IMPOSTO SOBRE TRANSMISSAO ""CAUSA MORTIS"" E DOACAO DE BENS E DIREITOS - MULTAS E JUROS"
83;0;0;SEM INFORMACAO;SEM INFORMACAO
84;7;9;DEDUCOES DA RECEITA CORRENTE;DEDUCAO DAS RECEITAS - COTA-PARTE DO IMPOSTO SOBRE PRODUTOS INDUSTRIALIZADOS - ESTADOS EXPORTADORES DE PRODUTOS INDUSTRIALIZADOS - PRINCIPAL
85;7;9;DEDUCOES DA RECEITA CORRENTE;DEDUCAO DAS RECEITAS - TRANSFERENCIA FINANCEIRA DO ICMS - DESONERACAO - L.C. NO 87/96
86;9;7;RECEITA INTRAORCAMENTARIA;RECEITA INTRAORCAMENTARIA - OUTRAS RECEITAS CORRENTES
87;1;9;DEDUCOES DA RECEITA CORRENTE;DEDUCAO DAS RECEITAS - IMPOSTO SOBRE A PROPRIEDADE DE VEICULOS AUTOMOTORES
88;1;9;DEDUCOES DA RECEITA CORRENTE;DEDUCAO DAS RECEITAS - IMPOSTO SOBRE A PROPRIEDADE DE VEICULOS AUTOMOTORES - DIVIDA ATIVA - MULTAS E JUROS
89;9;9;DEDUCOES DA RECEITA CORRENTE;DEDUCAO DAS RECEITAS - MULTAS PREVISTAS EM LEGISLACAO ESPECIFICA - PRINCIPAL - MULTA ISOLADA POR INFRACAO A OBRIGACAO ACESSORIA
90;7;9;DEDUCOES DA RECEITA CORRENTE;DEDUCAO DAS RECEITAS - PARTICIPACAO NA RECEITA DA UNIAO
91;1;9;DEDUCOES DA RECEITA CORRENTE;DEDUCAO DAS RECEITAS - IMPOSTO SOBRE A PROPRIEDADE DE VEICULOS AUTOMOTORES - PRINCIPAL - COTA PARTE DO ESTADO PARA O FUNDEB
92;7;7;RECEITA INTRAORCAMENTARIA;RECEITA INTRAORCAMENTARIA - TRANSFERENCIAS CORRENTES
93;9;9;DEDUCOES DA RECEITA CORRENTE;DEDUCAO DAS RECEITAS - MULTAS PREVISTAS EM LEGISLACAO ESPECIFICA - DIVIDA ATIVA - MULTA ISOLADA POR INFRACAO A OBRIGACAO ACESSORIA - CESSAO DE DIREITO
94;3;9;DEDUCOES DA RECEITA CORRENTE;DEDUCAO DAS RECEITAS - JUROS E CORRECOES MONETARIAS
95;7;9;DEDUCOES DA RECEITA CORRENTE;DEDUCAO DAS RECEITAS - COTA-PARTE DO FUNDO DE PARTICIPACAO DOS ESTADOS E DO DISTRITO FEDERAL - PRINCIPAL - FUNDEB
96;7;9;DEDUCOES DA RECEITA CORRENTE;DEDUCAO DAS RECEITAS - TRANSFERENCIA FINANCEIRA DO ICMS - DESONERACAO - L.C. NO 87/96 - PRINCIPAL
97;1;9;DEDUCOES DA RECEITA CORRENTE;"DEDUCAO DAS RECEITAS - IMPOSTO SOBRE TRANSMISSAO ""CAUSA MORTIS"" E DOACAO DE BENS E DIREITOS - PRINCIPAL"
98;1;9;DEDUCOES DA RECEITA CORRENTE;"DEDUCAO DAS RECEITAS - IMPOSTO SOBRE TRANSMISSAO ""CAUSA MORTIS"" E DOACAO DE BENS E DIREITOS - DIVIDA ATIVA"
99;1;9;DEDUCOES DA RECEITA CORRENTE;"DEDUCAO DAS RECEITAS - IMPOSTO SOBRE TRANSMISSAO ""CAUSA MORTIS"" E DOACAO DE BENS E DIREITOS - DIVIDA ATIVA - COTA PARTE DO ESTADO PARA O FUNDEB"
100;3;7;RECEITA INTRAORCAMENTARIA;RECEITA INTRAORCAMENTARIA - RECEITA PATRIMONIAL
101;9;9;DEDUCOES DA RECEITA CORRENTE;DEDUCAO DAS RECEITAS - MULTAS PREVISTAS EM LEGISLACAO ESPECIFICA
102;9;9;DEDUCOES DA RECEITA CORRENTE;DEDUCAO DAS RECEITAS - MULTAS PREVISTAS EM LEGISLACAO ESPECIFICA - DIVIDA ATIVA
103;9;9;DEDUCOES DA RECEITA CORRENTE;DEDUCAO DAS RECEITAS - MULTAS PREVISTAS EM LEGISLACAO ESPECIFICA - DIVIDA ATIVA - MULTA ISOLADA POR INFRACAO A OBRIGACAO ACESSORIA
104;7;9;DEDUCOES DA RECEITA CORRENTE;DEDUCAO DAS RECEITAS - COTA-PARTE DO IMPOSTO SOBRE PRODUTOS INDUSTRIALIZADOS - ESTADOS EXPORTADORES DE PRODUTOS INDUSTRIALIZADOS - PRINCIPAL - FUNDEB
105;9;2;RECEITAS DE CAPITAL;OUTRAS RECEITAS DE CAPITAL
106;9;9;DEDUCAO DAS RECEITAS;SEM DESCRICAO
107;1;9;DEDUCOES DA RECEITA CORRENTE;DEDUCAO DAS RECEITAS - IMPOSTOS SOBRE O PATRIMONIO PARA ESTADOS/DF/MUNICIPIOS
108;1;9;DEDUCOES DA RECEITA CORRENTE;"DEDUCAO DAS RECEITAS - IMPOSTO SOBRE TRANSMISSAO ""CAUSA MORTIS"" E DOACAO DE BENS E DIREITOS - DIVIDA ATIVA - MULTAS E JUROS"
109;1;9;DEDUCOES DA RECEITA CORRENTE;DEDUCAO DAS RECEITAS - IMPOSTOS SOBRE A PRODUCAO, CIRCULACAO DE MERCADORIAS E SERVICOS
110;3;9;DEDUCOES DA RECEITA CORRENTE;DEDUCAO DAS RECEITAS - REMUNERACAO DOS RECURSOS DO REGIME PROPRIO DE PREVIDENCIA SOCIAL - RPPS
111;3;9;DEDUCOES DA RECEITA CORRENTE;DEDUCAO DAS RECEITAS - OUTROS VALORES MOBILIARIOS - PRINCIPAL - TITULOS DE RESPONSABILIDADE DO GOVERNO FEDERAL
112;2;7;RECEITA INTRAORCAMENTARIA;RECEITA INTRAORCAMENTARIA - CONTRIBUICOES
113;1;9;DEDUCOES DA RECEITA CORRENTE;DEDUCAO DAS RECEITAS - IMPOSTO SOBRE A PROPRIEDADE DE VEICULOS AUTOMOTORES - MULTAS E JUROS
114;1;9;DEDUCOES DA RECEITA CORRENTE;DEDUCAO DAS RECEITAS - IMPOSTO SOBRE A PROPRIEDADE DE VEICULOS AUTOMOTORES - DIVIDA ATIVA - COTA PARTE DO ESTADO PARA O FUNDEB
115;3;9;DEDUCOES DA RECEITA CORRENTE;DEDUCAO DAS RECEITAS - VALORES MOBILIARIOS
116;5;7;RECEITA INTRAORCAMENTARIA;RECEITA INTRAORCAMENTARIA - RECEITA INDUSTRIAL
117;3;9;DEDUCOES DA RECEITA CORRENTE;DEDUCAO DAS RECEITAS - REMUNERACAO DOS RECURSOS DO REGIME PROPRIO DE PREVIDENCIA SOCIAL - RPPS - PRINCIPAL - RENDA VARIAVEL
118;3;9;DEDUCOES DA RECEITA CORRENTE;DEDUCAO DAS RECEITAS - OUTROS VALORES MOBILIARIOS
119;3;9;DEDUCOES DA RECEITA CORRENTE;DEDUCAO DAS RECEITAS - OUTROS VALORES MOBILIARIOS - PRINCIPAL
120;1;1;RECEITAS CORRENTES;IMPOSTOS, TAXAS E CONTRIBUICOES DE MELHORIA
121;1;9;DEDUCOES DA RECEITA CORRENTE;DEDUCAO DAS RECEITAS - IMPOSTO SOBRE A PROPRIEDADE DE VEICULOS AUTOMOTORES - MULTAS E JUROS - COTA PARTE DO ESTADO PARA O FUNDEB
122;1;9;DEDUCOES DA RECEITA CORRENTE;DEDUCAO DAS RECEITAS - IMPOSTO SOBRE A PROPRIEDADE DE VEICULOS AUTOMOTORES - DIVIDA ATIVA - MULTAS E JUROS - COTA PARTE DO ESTADO PARA O FUNDEB
123;1;9;DEDUCOES DA RECEITA CORRENTE;"DEDUCAO DAS RECEITAS - IMPOSTO SOBRE TRANSMISSAO ""CAUSA MORTIS"" E DOACAO DE BENS E DIREITOS - DIVIDA ATIVA - MULTAS E JUROS - COTA PARTE DO ESTADO PAR"
124;4;7;RECEITA INTRAORCAMENTARIA;RECEITA INTRAORCAMENTARIA - RECEITA AGROPECUARIA
125;9;9;DEDUCOES DA RECEITA CORRENTE;DEDUCAO DAS RECEITAS - MULTAS PREVISTAS EM LEGISLACAO ESPECIFICA - PRINCIPAL - MULTA ISOLADA POR INFRACAO A OBRIGACAO ACESSORIA - CESSAO DE DIREITOS C
126;3;9;DEDUCOES DA RECEITA CORRENTE;DEDUCAO DAS RECEITAS - OUTROS VALORES MOBILIARIOS - PRINCIPAL - TITULOS DE RESPONSABILIDADE DO GOVERNO FEDERAL - VINCULADO AO RPPS
127;7;9;DEDUCOES DA RECEITA CORRENTE;DEDUCAO DAS RECEITAS - COTA-PARTE DO FUNDO DE PARTICIPACAO DOS ESTADOS E DO DISTRITO FEDERAL
128;7;9;DEDUCOES DA RECEITA CORRENTE;DEDUCAO DAS RECEITAS - COTA-PARTE DO FUNDO DE PARTICIPACAO DOS ESTADOS E DO DISTRITO FEDERAL - PRINCIPAL
129;7;9;DEDUCOES DA RECEITA CORRENTE;DEDUCAO DAS RECEITAS - COTA-PARTE DO IMPOSTO SOBRE PRODUTOS INDUSTRIALIZADOS - ESTADOS EXPORTADORES DE PRODUTOS INDUSTRIALIZADOS
130;7;9;DEDUCOES DA RECEITA CORRENTE;DEDUCAO DAS RECEITAS - TRANSFERENCIA FINANCEIRA DO ICMS - DESONERACAO - L.C. NO 87/96 - PRINCIPAL - FUNDEB
131;9;9;DEDUCOES DA RECEITA CORRENTE;DEDUCAO DAS RECEITAS - MULTAS ADMINISTRATIVAS, CONTRATUAIS E JUDICIAIS
132;1;9;DEDUCOES DA RECEITA CORRENTE;DEDUCAO DAS RECEITAS - IMPOSTOS ESPECIFICOS DE ESTADOS/DF MUNICIPIOS
133;1;9;DEDUCOES DA RECEITA CORRENTE;"DEDUCAO DAS RECEITAS - IMPOSTO SOBRE TRANSMISSAO ""CAUSA MORTIS"" E DOACAO DE BENS E DIREITOS - MULTAS E JUROS - COTA PARTE DO ESTADO PARA O FUNDEB"
134;1;9;DEDUCOES DA RECEITA CORRENTE;DEDUCAO DAS RECEITAS - IMPOSTO SOBRE OPERACOES RELATIVAS A CIRCULACAO DE MERCADORIAS E SOBRE PRESTACOES DE SERVICOS DE TRANSPORTE INTERESTADUAL E INTE
135;6;7;RECEITA INTRAORCAMENTARIA;RECEITA INTRAORCAMENTARIA - RECEITA DE SERVICOS
136;9;9;DEDUCOES DA RECEITA CORRENTE;DEDUCAO DAS RECEITAS - MULTAS PREVISTAS EM LEGISLACAO ESPECIFICA - PRINCIPAL
137;2;1;RECEITAS CORRENTES;CONTRIBUICOES
138;3;9;DEDUCOES DA RECEITA CORRENTE;DEDUCAO DAS RECEITAS - REMUNERACAO DOS RECURSOS DO REGIME PROPRIO DE PREVIDENCIA SOCIAL - RPPS - PRINCIPAL
139;3;9;DEDUCOES DA RECEITA CORRENTE;DEDUCAO DAS RECEITAS - REMUNERACAO DOS RECURSOS DO REGIME PROPRIO DE PREVIDENCIA SOCIAL - RPPS - PRINCIPAL - RENDA FIXA
140;7;9;DEDUCOES DA RECEITA CORRENTE;DEDUCAO DAS RECEITAS - TRANSFERENCIAS DA UNIAO - ESPECIFICA E/M
141;6;1;RECEITAS CORRENTES;RECEITA DE SERVICOS
146;0;0;DEDUCAO DAS RECEITAS;DEDUC?O DAS RECEITAS - OUTRAS RECEITAS CORRENTES
147;9;9;DEDUCOES DA RECEITA CORRENTE;DEDUCAO DAS RECEITAS - OUTRAS RECEITAS CORRENTES
148;1;9;DEDUCOES DA RECEITA CORRENTE;DEDUCAO DAS RECEITAS - IMPOSTOS, TAXAS E CONTRIBUICOES DE MELHORIA
149;7;9;DEDUCOES DA RECEITA CORRENTE;DEDUCAO DAS RECEITAS - TRANSFERENCIAS DA UNIAO E DE SUAS ENTIDADES
150;3;9;DEDUCOES DA RECEITA CORRENTE;DEDUCAO DAS RECEITAS - RECEITA PATRIMONIAL
151;7;9;DEDUCOES DA RECEITA CORRENTE;DEDUCAO DAS RECEITAS - TRANSFERENCIAS CORRENTES
152;1;9;DEDUCOES DA RECEITA CORRENTE;DEDUCAO DAS RECEITAS - IMPOSTOS
154;1;1;RECEITAS CORRENTES;IMPOSTOS, TAXAS E CONTRIBUI
155;4;1;RECEITAS CORRENTES;RECEITA AGROPECU?RIA
156;7;1;RECEITAS CORRENTES;TRANSFERONCIAS CORRENTES
157;1;9;DEDUCOES DA RECEITA CORRENTE;DEDU
158;1;9;DEDUCOES DA RECEITA CORRENTE;DEDU
159;1;9;DEDUCOES DA RECEITA CORRENTE;DEDU
160;1;9;DEDUCOES DA RECEITA CORRENTE;DEDU
161;1;9;DEDUCOES DA RECEITA CORRENTE;DEDU
162;3;9;DEDUCOES DA RECEITA CORRENTE;DEDU
163;7;9;DEDUCOES DA RECEITA CORRENTE;DEDU
164;6;1;RECEITAS CORRENTES;RECEITA DE SERVI
165;3;2;RECEITAS DE CAPITAL;AMORTIZA
166;4;7;RECEITA INTRAOR;RECEITA INTRAOR
167;6;7;RECEITA INTRAOR;RECEITA INTRAOR
168;1;9;DEDUCOES DA RECEITA CORRENTE;DEDU
169;1;9;DEDUCOES DA RECEITA CORRENTE;DEDU
170;3;9;DEDUCOES DA RECEITA CORRENTE;DEDU
171;9;9;DEDUCOES DA RECEITA CORRENTE;DEDU
172;1;9;DEDUCOES DA RECEITA CORRENTE;DEDU
173;1;9;DEDUCOES DA RECEITA CORRENTE;DEDU
174;7;9;DEDUCOES DA RECEITA CORRENTE;DEDU
175;9;9;DEDUCOES DA RECEITA CORRENTE;DEDU
176;2;1;RECEITAS CORRENTES;CONTRIBUI
177;2;7;RECEITA INTRAOR;RECEITA INTRAOR
178;5;7;RECEITA INTRAOR;RECEITA INTRAOR
179;9;9;DEDU;SEM DESCRICAO
180;1;9;DEDUCOES DA RECEITA CORRENTE;DEDU
181;1;9;DEDUCOES DA RECEITA CORRENTE;DEDU
182;1;9;DEDUCOES DA RECEITA CORRENTE;DEDU
183;3;9;DEDUCOES DA RECEITA CORRENTE;DEDU
184;3;9;DEDUCOES DA RECEITA CORRENTE;DEDU
185;7;9;DEDUCOES DA RECEITA CORRENTE;DEDU
186;9;9;DEDUCOES DA RECEITA CORRENTE;DEDU
187;0;7;RECEITA INTRAOR;RECEITA INTRAOR
188;1;7;RECEITA INTRAOR;RECEITA INTRAOR
189;1;2;RECEITAS DE CAPITAL;OPERA
190;7;7;RECEITA INTRAOR;RECEITA INTRAOR
191;0;9;DEDU;DEDU
192;1;9;DEDUCOES DA RECEITA CORRENTE;DEDU
193;1;9;DEDUCOES DA RECEITA CORRENTE;DEDU
194;1;9;DEDUCOES DA RECEITA CORRENTE;DEDU
195;3;9;DEDUCOES DA RECEITA CORRENTE;DEDU
196;3;9;DEDUCOES DA RECEITA CORRENTE;DEDU
197;7;9;DEDUCOES DA RECEITA CORRENTE;DEDU
198;7;9;DEDUCOES DA RECEITA CORRENTE;DEDU
199;9;9;DEDUCOES DA RECEITA CORRENTE;DEDU
200;3;7;RECEITA INTRAOR;RECEITA INTRAOR
201;1;9;DEDUCOES DA RECEITA CORRENTE;DEDU
202;1;9;DEDUCOES DA RECEITA CORRENTE;DEDU
203;1;9;DEDUCOES DA RECEITA CORRENTE;DEDU
204;1;9;DEDUCOES DA RECEITA CORRENTE;DEDU
205;3;9;DEDUCOES DA RECEITA CORRENTE;DEDU
206;3;9;DEDUCOES DA RECEITA CORRENTE;DEDU
207;7;9;DEDUCOES DA RECEITA CORRENTE;DEDU
208;7;9;DEDUCOES DA RECEITA CORRENTE;DEDU
209;9;9;DEDUCOES DA RECEITA CORRENTE;DEDU
210;1;9;DEDUCOES DA RECEITA CORRENTE;DEDU
211;1;9;DEDUCOES DA RECEITA CORRENTE;DEDU
212;1;9;DEDUCOES DA RECEITA CORRENTE;DEDU
213;1;9;DEDUCOES DA RECEITA CORRENTE;DEDU
214;1;9;DEDUCOES DA RECEITA CORRENTE;DEDU
215;3;9;DEDUCOES DA RECEITA CORRENTE;DEDU
216;3;9;DEDUCOES DA RECEITA CORRENTE;DEDU
217;7;9;DEDUCOES DA RECEITA CORRENTE;DEDU
218;7;9;DEDUCOES DA RECEITA CORRENTE;DEDU
219;7;9;DEDUCOES DA RECEITA CORRENTE;DEDU
220;9;9;DEDUCOES DA RECEITA CORRENTE;DEDU
221;9;9;DEDUCOES DA RECEITA CORRENTE;DEDU
222;9;9;DEDUCOES DA RECEITA CORRENTE;DEDU
223;4;2;RECEITAS DE CAPITAL;TRANSFERONCIAS DE CAPITAL
224;2;2;RECEITAS DE CAPITAL;ALIENA
225;9;7;RECEITA INTRAOR;RECEITA INTRAOR
226;3;9;DEDUCOES DA RECEITA CORRENTE;DEDU
227;7;9;DEDUCOES DA RECEITA CORRENTE;DEDU
228;7;9;DEDUCOES DA RECEITA CORRENTE;DEDU
229;7;9;DEDUCOES DA RECEITA CORRENTE;DEDU
230;9;9;DEDUCOES DA RECEITA CORRENTE;DEDU
305;1;1;RECEITAS CORRENTES;IMPOSTOS, TAXAS E CONTRIBUI
306;1;9;DEDUCOES DA RECEITA CORRENTE;DEDU
307;1;9;DEDUCOES DA RECEITA CORRENTE;DEDU
308;1;9;DEDUCOES DA RECEITA CORRENTE;DEDU
309;1;9;DEDUCOES DA RECEITA CORRENTE;DEDU
310;1;9;DEDUCOES DA RECEITA CORRENTE;DEDU
311;3;9;DEDUCOES DA RECEITA CORRENTE;DEDU
312;7;9;DEDUCOES DA RECEITA CORRENTE;DEDU
313;6;1;RECEITAS CORRENTES;RECEITA DE SERVI
314;3;2;RECEITAS DE CAPITAL;AMORTIZA
315;4;7;RECEITA INTRAOR;RECEITA INTRAOR
316;6;7;RECEITA INTRAOR;RECEITA INTRAOR
317;1;9;DEDUCOES DA RECEITA CORRENTE;DEDU
318;1;9;DEDUCOES DA RECEITA CORRENTE;DEDU
319;3;9;DEDUCOES DA RECEITA CORRENTE;DEDU
320;9;9;DEDUCOES DA RECEITA CORRENTE;DEDU
321;1;9;DEDUCOES DA RECEITA CORRENTE;DEDU
322;1;9;DEDUCOES DA RECEITA CORRENTE;DEDU
323;7;9;DEDUCOES DA RECEITA CORRENTE;DEDU
324;9;9;DEDUCOES DA RECEITA CORRENTE;DEDU
325;2;1;RECEITAS CORRENTES;CONTRIBUI
326;2;7;RECEITA INTRAOR;RECEITA INTRAOR
327;5;7;RECEITA INTRAOR;RECEITA INTRAOR
328;9;9;DEDU;SEM DESCRICAO
329;1;9;DEDUCOES DA RECEITA CORRENTE;DEDU
330;1;9;DEDUCOES DA RECEITA CORRENTE;DEDU
331;1;9;DEDUCOES DA RECEITA CORRENTE;DEDU
332;3;9;DEDUCOES DA RECEITA CORRENTE;DEDU
333;3;9;DEDUCOES DA RECEITA CORRENTE;DEDU
334;7;9;DEDUCOES DA RECEITA CORRENTE;DEDU
335;9;9;DEDUCOES DA RECEITA CORRENTE;DEDU
336;0;7;RECEITA INTRAOR;RECEITA INTRAOR
337;1;7;RECEITA INTRAOR;RECEITA INTRAOR
338;1;2;RECEITAS DE CAPITAL;OPERA
339;7;7;RECEITA INTRAOR;RECEITA INTRAOR
340;0;9;DEDU;DEDU
341;1;9;DEDUCOES DA RECEITA CORRENTE;DEDU
342;1;9;DEDUCOES DA RECEITA CORRENTE;DEDU
343;1;9;DEDUCOES DA RECEITA CORRENTE;DEDU
344;3;9;DEDUCOES DA RECEITA CORRENTE;DEDU
345;3;9;DEDUCOES DA RECEITA CORRENTE;DEDU
346;7;9;DEDUCOES DA RECEITA CORRENTE;DEDU
347;7;9;DEDUCOES DA RECEITA CORRENTE;DEDU
348;9;9;DEDUCOES DA RECEITA CORRENTE;DEDU
349;3;7;RECEITA INTRAOR;RECEITA INTRAOR
350;1;9;DEDUCOES DA RECEITA CORRENTE;DEDU
351;1;9;DEDUCOES DA RECEITA CORRENTE;DEDU
352;1;9;DEDUCOES DA RECEITA CORRENTE;DEDU
353;1;9;DEDUCOES DA RECEITA CORRENTE;DEDU
354;3;9;DEDUCOES DA RECEITA CORRENTE;DEDU
355;3;9;DEDUCOES DA RECEITA CORRENTE;DEDU
356;7;9;DEDUCOES DA RECEITA CORRENTE;DEDU
357;7;9;DEDUCOES DA RECEITA CORRENTE;DEDU
358;9;9;DEDUCOES DA RECEITA CORRENTE;DEDU
359;1;9;DEDUCOES DA RECEITA CORRENTE;DEDU
360;1;9;DEDUCOES DA RECEITA CORRENTE;DEDU
361;1;9;DEDUCOES DA RECEITA CORRENTE;DEDU
362;1;9;DEDUCOES DA RECEITA CORRENTE;DEDU
363;1;9;DEDUCOES DA RECEITA CORRENTE;DEDU
364;3;9;DEDUCOES DA RECEITA CORRENTE;DEDU
365;3;9;DEDUCOES DA RECEITA CORRENTE;DEDU
366;7;9;DEDUCOES DA RECEITA CORRENTE;DEDU
367;7;9;DEDUCOES DA RECEITA CORRENTE;DEDU
368;7;9;DEDUCOES DA RECEITA CORRENTE;DEDU
369;9;9;DEDUCOES DA RECEITA CORRENTE;DEDU
370;9;9;DEDUCOES DA RECEITA CORRENTE;DEDU
371;9;9;DEDUCOES DA RECEITA CORRENTE;DEDU
372;2;2;RECEITAS DE CAPITAL;ALIENA
373;9;7;RECEITA INTRAOR;RECEITA INTRAOR
374;3;9;DEDUCOES DA RECEITA CORRENTE;DEDU
375;7;9;DEDUCOES DA RECEITA CORRENTE;DEDU
376;7;9;DEDUCOES DA RECEITA CORRENTE;DEDU
377;7;9;DEDUCOES DA RECEITA CORRENTE;DEDU
378;9;9;DEDUCOES DA RECEITA CORRENTE;DEDU
453;1;1;RECEITAS CORRENTES;IMPOSTOS, TAXAS E CONTRIBUI
454;1;9;DEDUCOES DA RECEITA CORRENTE;DEDU
455;1;9;DEDUCOES DA RECEITA CORRENTE;DEDU
456;1;9;DEDUCOES DA RECEITA CORRENTE;DEDU
457;1;9;DEDUCOES DA RECEITA CORRENTE;DEDU
458;1;9;DEDUCOES DA RECEITA CORRENTE;DEDU
459;3;9;DEDUCOES DA RECEITA CORRENTE;DEDU
460;7;9;DEDUCOES DA RECEITA CORRENTE;DEDU
461;6;1;RECEITAS CORRENTES;RECEITA DE SERVI
462;3;2;RECEITAS DE CAPITAL;AMORTIZA
463;4;7;RECEITA INTRAOR;RECEITA INTRAOR
464;6;7;RECEITA INTRAOR;RECEITA INTRAOR
465;1;9;DEDUCOES DA RECEITA CORRENTE;DEDU
466;1;9;DEDUCOES DA RECEITA CORRENTE;DEDU
467;3;9;DEDUCOES DA RECEITA CORRENTE;DEDU
468;9;9;DEDUCOES DA RECEITA CORRENTE;DEDU
469;1;9;DEDUCOES DA RECEITA CORRENTE;DEDU
470;1;9;DEDUCOES DA RECEITA CORRENTE;DEDU
471;7;9;DEDUCOES DA RECEITA CORRENTE;DEDU
472;9;9;DEDUCOES DA RECEITA CORRENTE;DEDU
473;2;1;RECEITAS CORRENTES;CONTRIBUI
474;2;7;RECEITA INTRAOR;RECEITA INTRAOR
475;5;7;RECEITA INTRAOR;RECEITA INTRAOR
476;9;9;DEDU;SEM DESCRICAO
477;1;9;DEDUCOES DA RECEITA CORRENTE;DEDU
478;1;9;DEDUCOES DA RECEITA CORRENTE;DEDU
479;1;9;DEDUCOES DA RECEITA CORRENTE;DEDU
480;3;9;DEDUCOES DA RECEITA CORRENTE;DEDU
481;3;9;DEDUCOES DA RECEITA CORRENTE;DEDU
482;7;9;DEDUCOES DA RECEITA CORRENTE;DEDU
483;9;9;DEDUCOES DA RECEITA CORRENTE;DEDU
484;0;7;RECEITA INTRAOR;RECEITA INTRAOR
485;1;7;RECEITA INTRAOR;RECEITA INTRAOR
486;1;2;RECEITAS DE CAPITAL;OPERA
487;7;7;RECEITA INTRAOR;RECEITA INTRAOR
488;0;9;DEDU;DEDU
489;1;9;DEDUCOES DA RECEITA CORRENTE;DEDU
490;1;9;DEDUCOES DA RECEITA CORRENTE;DEDU
491;1;9;DEDUCOES DA RECEITA CORRENTE;DEDU
492;3;9;DEDUCOES DA RECEITA CORRENTE;DEDU
493;3;9;DEDUCOES DA RECEITA CORRENTE;DEDU
494;7;9;DEDUCOES DA RECEITA CORRENTE;DEDU
495;7;9;DEDUCOES DA RECEITA CORRENTE;DEDU
496;9;9;DEDUCOES DA RECEITA CORRENTE;DEDU
497;3;7;RECEITA INTRAOR;RECEITA INTRAOR
498;1;9;DEDUCOES DA RECEITA CORRENTE;DEDU
499;1;9;DEDUCOES DA RECEITA CORRENTE;DEDU
500;1;9;DEDUCOES DA RECEITA CORRENTE;DEDU
501;1;9;DEDUCOES DA RECEITA CORRENTE;DEDU
502;3;9;DEDUCOES DA RECEITA CORRENTE;DEDU
503;3;9;DEDUCOES DA RECEITA CORRENTE;DEDU
504;7;9;DEDUCOES DA RECEITA CORRENTE;DEDU
505;7;9;DEDUCOES DA RECEITA CORRENTE;DEDU
506;9;9;DEDUCOES DA RECEITA CORRENTE;DEDU
507;1;9;DEDUCOES DA RECEITA CORRENTE;DEDU
508;1;9;DEDUCOES DA RECEITA CORRENTE;DEDU
509;1;9;DEDUCOES DA RECEITA CORRENTE;DEDU
510;1;9;DEDUCOES DA RECEITA CORRENTE;DEDU
511;1;9;DEDUCOES DA RECEITA CORRENTE;DEDU
512;3;9;DEDUCOES DA RECEITA CORRENTE;DEDU
513;3;9;DEDUCOES DA RECEITA CORRENTE;DEDU
514;7;9;DEDUCOES DA RECEITA CORRENTE;DEDU
515;7;9;DEDUCOES DA RECEITA CORRENTE;DEDU
516;7;9;DEDUCOES DA RECEITA CORRENTE;DEDU
517;9;9;DEDUCOES DA RECEITA CORRENTE;DEDU
518;9;9;DEDUCOES DA RECEITA CORRENTE;DEDU
519;9;9;DEDUCOES DA RECEITA CORRENTE;DEDU
520;2;2;RECEITAS DE CAPITAL;ALIENA
521;9;7;RECEITA INTRAOR;RECEITA INTRAOR
522;3;9;DEDUCOES DA RECEITA CORRENTE;DEDU
523;7;9;DEDUCOES DA RECEITA CORRENTE;DEDU
524;7;9;DEDUCOES DA RECEITA CORRENTE;DEDU
525;7;9;DEDUCOES DA RECEITA CORRENTE;DEDU
526;9;9;DEDUCOES DA RECEITA CORRENTE;DEDU
231;1;1;RECEITAS CORRENTES;IMPOSTOS, TAXAS E CONTRIBUI
232;1;9;DEDUCOES DA RECEITA CORRENTE;DEDU
233;1;9;DEDUCOES DA RECEITA CORRENTE;DEDU
234;1;9;DEDUCOES DA RECEITA CORRENTE;DEDU
235;1;9;DEDUCOES DA RECEITA CORRENTE;DEDU
236;1;9;DEDUCOES DA RECEITA CORRENTE;DEDU
237;3;9;DEDUCOES DA RECEITA CORRENTE;DEDU
238;7;9;DEDUCOES DA RECEITA CORRENTE;DEDU
239;6;1;RECEITAS CORRENTES;RECEITA DE SERVI
240;3;2;RECEITAS DE CAPITAL;AMORTIZA
241;4;7;RECEITA INTRAOR;RECEITA INTRAOR
242;6;7;RECEITA INTRAOR;RECEITA INTRAOR
243;1;9;DEDUCOES DA RECEITA CORRENTE;DEDU
244;1;9;DEDUCOES DA RECEITA CORRENTE;DEDU
245;3;9;DEDUCOES DA RECEITA CORRENTE;DEDU
246;9;9;DEDUCOES DA RECEITA CORRENTE;DEDU
247;1;9;DEDUCOES DA RECEITA CORRENTE;DEDU
248;1;9;DEDUCOES DA RECEITA CORRENTE;DEDU
249;7;9;DEDUCOES DA RECEITA CORRENTE;DEDU
250;9;9;DEDUCOES DA RECEITA CORRENTE;DEDU
251;2;1;RECEITAS CORRENTES;CONTRIBUI
252;2;7;RECEITA INTRAOR;RECEITA INTRAOR
253;5;7;RECEITA INTRAOR;RECEITA INTRAOR
254;9;9;DEDU;SEM DESCRICAO
255;1;9;DEDUCOES DA RECEITA CORRENTE;DEDU
256;1;9;DEDUCOES DA RECEITA CORRENTE;DEDU
257;1;9;DEDUCOES DA RECEITA CORRENTE;DEDU
258;3;9;DEDUCOES DA RECEITA CORRENTE;DEDU
259;3;9;DEDUCOES DA RECEITA CORRENTE;DEDU
260;7;9;DEDUCOES DA RECEITA CORRENTE;DEDU
261;9;9;DEDUCOES DA RECEITA CORRENTE;DEDU
262;0;7;RECEITA INTRAOR;RECEITA INTRAOR
263;1;7;RECEITA INTRAOR;RECEITA INTRAOR
264;1;2;RECEITAS DE CAPITAL;OPERA
265;7;7;RECEITA INTRAOR;RECEITA INTRAOR
266;0;9;DEDU;DEDU
267;1;9;DEDUCOES DA RECEITA CORRENTE;DEDU
268;1;9;DEDUCOES DA RECEITA CORRENTE;DEDU
269;1;9;DEDUCOES DA RECEITA CORRENTE;DEDU
270;3;9;DEDUCOES DA RECEITA CORRENTE;DEDU
271;3;9;DEDUCOES DA RECEITA CORRENTE;DEDU
272;7;9;DEDUCOES DA RECEITA CORRENTE;DEDU
273;7;9;DEDUCOES DA RECEITA CORRENTE;DEDU
274;9;9;DEDUCOES DA RECEITA CORRENTE;DEDU
275;3;7;RECEITA INTRAOR;RECEITA INTRAOR
276;1;9;DEDUCOES DA RECEITA CORRENTE;DEDU
277;1;9;DEDUCOES DA RECEITA CORRENTE;DEDU
278;1;9;DEDUCOES DA RECEITA CORRENTE;DEDU
279;1;9;DEDUCOES DA RECEITA CORRENTE;DEDU
280;3;9;DEDUCOES DA RECEITA CORRENTE;DEDU
281;3;9;DEDUCOES DA RECEITA CORRENTE;DEDU
282;7;9;DEDUCOES DA RECEITA CORRENTE;DEDU
283;7;9;DEDUCOES DA RECEITA CORRENTE;DEDU
284;9;9;DEDUCOES DA RECEITA CORRENTE;DEDU
285;1;9;DEDUCOES DA RECEITA CORRENTE;DEDU
286;1;9;DEDUCOES DA RECEITA CORRENTE;DEDU
287;1;9;DEDUCOES DA RECEITA CORRENTE;DEDU
288;1;9;DEDUCOES DA RECEITA CORRENTE;DEDU
289;1;9;DEDUCOES DA RECEITA CORRENTE;DEDU
290;3;9;DEDUCOES DA RECEITA CORRENTE;DEDU
291;3;9;DEDUCOES DA RECEITA CORRENTE;DEDU
292;7;9;DEDUCOES DA RECEITA CORRENTE;DEDU
293;7;9;DEDUCOES DA RECEITA CORRENTE;DEDU
294;7;9;DEDUCOES DA RECEITA CORRENTE;DEDU
295;9;9;DEDUCOES DA RECEITA CORRENTE;DEDU
296;9;9;DEDUCOES DA RECEITA CORRENTE;DEDU
297;9;9;DEDUCOES DA RECEITA CORRENTE;DEDU
298;2;2;RECEITAS DE CAPITAL;ALIENA
299;9;7;RECEITA INTRAOR;RECEITA INTRAOR
300;3;9;DEDUCOES DA RECEITA CORRENTE;DEDU
301;7;9;DEDUCOES DA RECEITA CORRENTE;DEDU
302;7;9;DEDUCOES DA RECEITA CORRENTE;DEDU
303;7;9;DEDUCOES DA RECEITA CORRENTE;DEDU
304;9;9;DEDUCOES DA RECEITA CORRENTE;DEDU
527;3;9;DEDUCAO DAS RECEITAS;SEM DESCRICAO
153;0;0;DEDUCAO DAS RECEITAS;SEM DESCRICAO
379;1;1;RECEITAS CORRENTES;IMPOSTOS, TAXAS E CONTRIBUI
380;1;9;DEDUCOES DA RECEITA CORRENTE;DEDU
381;1;9;DEDUCOES DA RECEITA CORRENTE;DEDU
382;1;9;DEDUCOES DA RECEITA CORRENTE;DEDU
383;1;9;DEDUCOES DA RECEITA CORRENTE;DEDU
384;1;9;DEDUCOES DA RECEITA CORRENTE;DEDU
385;3;9;DEDUCOES DA RECEITA CORRENTE;DEDU
386;7;9;DEDUCOES DA RECEITA CORRENTE;DEDU
387;6;1;RECEITAS CORRENTES;RECEITA DE SERVI
388;3;2;RECEITAS DE CAPITAL;AMORTIZA
389;4;7;RECEITA INTRAOR;RECEITA INTRAOR
390;6;7;RECEITA INTRAOR;RECEITA INTRAOR
391;1;9;DEDUCOES DA RECEITA CORRENTE;DEDU
392;1;9;DEDUCOES DA RECEITA CORRENTE;DEDU
393;3;9;DEDUCOES DA RECEITA CORRENTE;DEDU
394;9;9;DEDUCOES DA RECEITA CORRENTE;DEDU
395;1;9;DEDUCOES DA RECEITA CORRENTE;DEDU
396;1;9;DEDUCOES DA RECEITA CORRENTE;DEDU
397;7;9;DEDUCOES DA RECEITA CORRENTE;DEDU
398;9;9;DEDUCOES DA RECEITA CORRENTE;DEDU
399;2;1;RECEITAS CORRENTES;CONTRIBUI
400;2;7;RECEITA INTRAOR;RECEITA INTRAOR
401;5;7;RECEITA INTRAOR;RECEITA INTRAOR
402;9;9;DEDU;SEM DESCRICAO
403;1;9;DEDUCOES DA RECEITA CORRENTE;DEDU
404;1;9;DEDUCOES DA RECEITA CORRENTE;DEDU
405;1;9;DEDUCOES DA RECEITA CORRENTE;DEDU
406;3;9;DEDUCOES DA RECEITA CORRENTE;DEDU
407;3;9;DEDUCOES DA RECEITA CORRENTE;DEDU
408;7;9;DEDUCOES DA RECEITA CORRENTE;DEDU
409;9;9;DEDUCOES DA RECEITA CORRENTE;DEDU
410;0;7;RECEITA INTRAOR;RECEITA INTRAOR
411;1;7;RECEITA INTRAOR;RECEITA INTRAOR
412;1;2;RECEITAS DE CAPITAL;OPERA
413;7;7;RECEITA INTRAOR;RECEITA INTRAOR
414;0;9;DEDU;DEDU
415;1;9;DEDUCOES DA RECEITA CORRENTE;DEDU
416;1;9;DEDUCOES DA RECEITA CORRENTE;DEDU
417;1;9;DEDUCOES DA RECEITA CORRENTE;DEDU
418;3;9;DEDUCOES DA RECEITA CORRENTE;DEDU
419;3;9;DEDUCOES DA RECEITA CORRENTE;DEDU
420;7;9;DEDUCOES DA RECEITA CORRENTE;DEDU
421;7;9;DEDUCOES DA RECEITA CORRENTE;DEDU
422;9;9;DEDUCOES DA RECEITA CORRENTE;DEDU
423;3;7;RECEITA INTRAOR;RECEITA INTRAOR
424;1;9;DEDUCOES DA RECEITA CORRENTE;DEDU
425;1;9;DEDUCOES DA RECEITA CORRENTE;DEDU
426;1;9;DEDUCOES DA RECEITA CORRENTE;DEDU
427;1;9;DEDUCOES DA RECEITA CORRENTE;DEDU
428;3;9;DEDUCOES DA RECEITA CORRENTE;DEDU
429;3;9;DEDUCOES DA RECEITA CORRENTE;DEDU
430;7;9;DEDUCOES DA RECEITA CORRENTE;DEDU
431;7;9;DEDUCOES DA RECEITA CORRENTE;DEDU
432;9;9;DEDUCOES DA RECEITA CORRENTE;DEDU
433;1;9;DEDUCOES DA RECEITA CORRENTE;DEDU
434;1;9;DEDUCOES DA RECEITA CORRENTE;DEDU
435;1;9;DEDUCOES DA RECEITA CORRENTE;DEDU
436;1;9;DEDUCOES DA RECEITA CORRENTE;DEDU
437;1;9;DEDUCOES DA RECEITA CORRENTE;DEDU
438;3;9;DEDUCOES DA RECEITA CORRENTE;DEDU
439;3;9;DEDUCOES DA RECEITA CORRENTE;DEDU
440;7;9;DEDUCOES DA RECEITA CORRENTE;DEDU
441;7;9;DEDUCOES DA RECEITA CORRENTE;DEDU
442;7;9;DEDUCOES DA RECEITA CORRENTE;DEDU
443;9;9;DEDUCOES DA RECEITA CORRENTE;DEDU
444;9;9;DEDUCOES DA RECEITA CORRENTE;DEDU
445;9;9;DEDUCOES DA RECEITA CORRENTE;DEDU
446;2;2;RECEITAS DE CAPITAL;ALIENA
447;9;7;RECEITA INTRAOR;RECEITA INTRAOR
448;3;9;DEDUCOES DA RECEITA CORRENTE;DEDU
449;7;9;DEDUCOES DA RECEITA CORRENTE;DEDU
450;7;9;DEDUCOES DA RECEITA CORRENTE;DEDU
451;7;9;DEDUCOES DA RECEITA CORRENTE;DEDU
452;9;9;DEDUCOES DA RECEITA CORRENTE;DEDU
528;1;9;DEDUCAO DAS RECEITAS;SEM DESCRICAO
